dealer_name,dealer_code,branch,zone
Sadhukhan Enterprises,C101101145614150,ROWB,East-2
Shree Ram Tiles,C101103004100033,N.EAST,East-2
Durga Enterprise,C101103004200066,N.EAST,East-2
Durga Enterprise,C101103004206655,N.EAST,East-2
Ashik Enterprise,C101103004215617,N.EAST,East-2
Sanjay Agencies,C101103004300069,N.EAST,East-2
Prakash Traders,C101103004313993,N.EAST,East-2
Zerin Enterprise,C101103004314965,N.EAST,East-2
Maheswari Ispat,C101103004400067,N.EAST,East-2
Rahul Trade & Agency,C101103004410780,N.EAST,East-2
Tuwani Industrial Enterprises,C101103004410863,N.EAST,East-2
Maagnus Infratech,C101103004412159,N.EAST,East-2
Kanaklata Enterprises,C101103004414645,N.EAST,East-2
Kejriwal Brothers,C101103004500041,N.EAST,East-2
Ashoka Stores,C101103004500042,N.EAST,East-2
Highway Construction Co. Pvt. Ltd,C101103004500043,N.EAST,East-2
Vaibhav Sanitation,C101103004500044,N.EAST,East-2
Tirupati Construction Co,C101103004500045,N.EAST,East-2
T And T Projects Ltd.,C101103004500046,N.EAST,East-2
Tribeni Construction Ltd. (Blk),C101103004500047,N.EAST,East-2
K.K. And Sons,C101103004500048,N.EAST,East-2
Kejriwal And Sons,C101103004503772,N.EAST,East-2
Badri Rai And Co.,C101103004505734,N.EAST,Enterprise
Sai Construction,C101103004509877,N.EAST,East-2
Shivam Enterprise,C101103004510099,N.EAST,East-2
Shree Krishna Hardwar Stores,C101103004510547,N.EAST,East-2
Borah Ab Automobiles Private Limited,C101103004513166,N.EAST,Enterprise
Sakuntala Traders,C101103004513578,VARANASI,North-4
Avin Enterprise,C101103004514845,N.EAST,East-2
Vishal Car World Pvt Ltd,C101103004515084,N.EAST,Enterprise
Dream House Construction Company & Stores,C101103004515321,N.EAST,East-2
Chandan Gogoi,C101103004515998,N.EAST,East-2
Sylva Home Htms Llp,C101103004516423,N.EAST,East-2
Numal Saikia,C101103004516971,N.EAST,East-2
Sohani Marketing Pvt Ltd,C101103004603765,N.EAST,East-2
Misc Party-Assam,C101103004615942,MISC,Misc
Gangadhar Hariprasad,C101103004700049,N.EAST,East-2
Shanti Trade,C101103004713090,N.EAST,East-2
Vpr Intcon Private Limited,C101103004714041,N.EAST,Enterprise
Larsen & Toubro Limited,C101103004715962,N.EAST,Enterprise
Sani Steels Private Ltd,C101103004800001,N.EAST,East-2
Sanitary And Hardware Centre,C101103004800002,N.EAST,East-2
Suman Pipes And Sanitary Wares,C101103004800003,N.EAST,East-2
Bath And Sanitary,C101103004800004,N.EAST,East-2
Narangi Asbstos Products,C101103004800005,N.EAST,East-2
Assam Paints House,C101103004800006,N.EAST,East-2
Modern Sanitation,C101103004800007,N.EAST,East-2
Synergy Creations (I) Pvt. Ltd,C101103004800008,N.EAST,East-2
Sani Steel Corporation,C101103004800009,N.EAST,East-2
Marble Selection,C101103004800010,N.EAST,East-2
Om Constructions,C101103004800011,N.EAST,East-2
Patni Sanitation,C101103004800012,N.EAST,East-2
Jainex Sanitation Ltd.,C101103004800013,N.EAST,East-2
P B Sanitary Centre,C101103004800014,N.EAST,East-2
M.P Khaitan,C101103004800015,N.EAST,East-2
Ragi Mercantile Pvt. Ltd.,C101103004800016,N.EAST,East-2
G L Agarwalla,C101103004800017,N.EAST,East-2
Allied Construction-Blk,C101103004800018,N.EAST,East-2
Shree Jee Tiles (Blk),C101103004800019,N.EAST,East-2
Chaya Meeni Stores,C101103004800020,N.EAST,East-2
S M Developers ( A Unit Of Sm Sons),C101103004800021,N.EAST,East-2
Kamlesh Trading And Marketing(Blk),C101103004800022,N.EAST,East-2
Shree Rishab Trading Co.,C101103004800023,N.EAST,East-2
Shree Meghalay Construction And,C101103004800024,N.EAST,East-2
Aloysius Arengh,C101103004800025,N.EAST,East-2
Kakwani Builders,C101103004800026,N.EAST,East-2
Sanitary Plaza,C101103004800027,N.EAST,East-2
Dlk Marketing,C101103004800028,N.EAST,East-2
Maya Stores (Blk),C101103004803752,N.EAST,East-2
City Centre,C101103004803753,N.EAST,East-2
J.P.Nicholas Int (P) Ltd,C101103004803754,N.EAST,East-2
Khamakhya Enterprise,C101103004803755,N.EAST,East-2
Pooja Tiles And Sanitary,C101103004803757,N.EAST,East-2
Shiv Hardware And Sanitary Mart,C101103004803758,N.EAST,East-2
Sanitary Emporium Pvt. Ltd,C101103004803759,N.EAST,East-2
S.B Enterprise,C101103004803760,N.EAST,East-2
Shyam Marble And Granite,C101103004803761,N.EAST,East-2
Shree Ganga Marbles,C101103004803762,N.EAST,East-2
Maruti Marbles,C101103004803763,N.EAST,East-2
Bikash Chakraborty,C101103004805831,N.EAST,East-2
Dineshchandra R Agrawal Infracon Pvt Ltd,C101103004806056,N.EAST,East-2
Om Construction,C101103004806120,N.EAST,East-2
Shahid Ali,C101103004806138,N.EAST,East-2
Mukand Systems And Networking Pvt. Ltd,C101103004806180,N.EAST,East-2
N E Infra,C101103004806194,N.EAST,East-2
H.P.Sinha And Sons,C101103004806235,N.EAST,East-2
Arunoday Construction Co. Pvt. Ltd,C101103004806297,N.EAST,East-2
Sani Steel,C101103004806314,N.EAST,East-2
Kaizen Industries,C101103004806420,N.EAST,East-2
Arya Erectors India Pvt Ltd,C101103004806453,N.EAST,East-2
Agrim Infraproject Pvt. Ltd,C101103004809388,N.EAST,East-2
Apex Medical System,C101103004809589,N.EAST,East-2
Shrolenson Marbaniang,C101103004809600,N.EAST,East-2
Shree Gautam Construction Co. Ltd,C101103004809628,N.EAST,Enterprise
Rahul Trading Company,C101103004810017,N.EAST,East-2
Sun Win Energy And Infra Pvt.Ltd,C101103004810028,N.EAST,East-2
D.S.Trading,C101103004810041,N.EAST,East-2
Prabhu Agarwalla Construction Pvt.Ltd,C101103004810072,N.EAST,East-2
M.S.Construction,C101103004810112,N.EAST,East-2
Mukand Infrastructure Pvt Ltd,C101103004810601,N.EAST,East-2
Tribeni Constructions Limited,C101103004812032,N.EAST,East-2
Brajendra Steel,C101103004812078,N.EAST,East-2
Kamlesh Trading And Marketing,C101103004812120,N.EAST,East-2
Krishna Construction,C101103004812178,N.EAST,East-2
Agni Shanti Buildtech Private Limited,C101103004812242,N.EAST,East-2
Rishi Gupta,C101103004812679,N.EAST,East-2
Allied Construction,C101103004812696,N.EAST,East-2
Lohit Chandra Gogoi,C101103004812885,N.EAST,East-2
Meghalaya Construction & Supply Co.,C101103004812994,N.EAST,East-2
Savoir Faire Mercantile Co.,C101103004813156,KOLKATA,East-2
Brajendra Steel Tiles And Sanitary,C101103004813205,N.EAST,East-2
Architect Studio,C101103004813574,N.EAST,East-2
Kamlesh Trading And Marketing,C101103004813691,N.EAST,East-2
Mr Enterprise,C101103004813789,N.EAST,East-2
Shreejee Tiles,C101103004813809,N.EAST,East-2
Ashok Kumar Sarawgi & Others,C101103004813967,N.EAST,Enterprise
Rishi Marble & Granites,C101103004814031,N.EAST,East-2
Shivaay Infratech Llp,C101103004814109,N.EAST,East-2
Bhartia Infra Projects Ltd,C101103004814613,N.EAST,East-2
Soma Sales Corporation,C101103004814622,N.EAST,East-2
Frontier Sales Corporation,C101103004814634,N.EAST,East-2
Brajendra Steel Tiles And Sanitary,C101103004814792,N.EAST,East-2
Tiles Mart,C101103004814989,N.EAST,East-2
Shivji Enterprise,C101103004815122,N.EAST,East-2
Shapoorji Pallonji And Company Private Limited,C101103004815225,N.EAST,Enterprise
Ahluwalia Contracts (India) Limited,C101103004815245,N.EAST,Enterprise
Balaji Udyog,C101103004815436,N.EAST,East-2
Gajanand Enterprises,C101103004815541,N.EAST,East-2
Maa Kamakhya Traders,C101103004815580,N.EAST,East-2
Sanico Sales Corporation,C101103004815678,N.EAST,East-2
D Creative Interiors,C101103004815737,N.EAST,East-2
Studio Tiles & Sanitary,C101103004815914,N.EAST,East-2
M/S Ganpati Construction Company,C101103004815987,N.EAST,East-2
A & B Corporation,C101103004816051,N.EAST,East-2
Dal - Thom'S Scientific,C101103004816739,N.EAST,Enterprise
Royal Traders,C101103004816850,N.EAST,Enterprise
Kaziranga Galvanizers Private Limited,C101103004816906,N.EAST,East-2
Mangal Marbles,C101103004900029,N.EAST,East-2
Prasad Construction Company,C101103004900030,N.EAST,East-2
J.P.Hardware And Electrical,C101103004900031,N.EAST,East-2
D.K. Enterprise,C101103004900032,N.EAST,East-2
Bharat Sanitary House,C101103004903768,N.EAST,East-2
Shree Durga Hardware Sanitar,C101103004903769,N.EAST,East-2
Eastern Transport Agency,C101103004906261,N.EAST,East-2
Ch. Veeraraghavulu Construction Pvt. Ltd.,C101103004909507,N.EAST,East-2
Kamakhya Building Construction,C101103004909844,N.EAST,East-2
Buildrite Construction,C101103004909969,N.EAST,East-2
S S C Projects Private Limited,C101103004910584,N.EAST,Enterprise
Hemonta Das,C101103004913002,N.EAST,East-2
Baruah Developers & Infrastructure Private Limited,C101103004913122,N.EAST,East-2
Kamakhya Builders Construction,C101103004913745,N.EAST,East-2
Mahavir Tiles & Sanitation,C101103004914988,N.EAST,East-2
J.P. Ceramica,C101103004915022,N.EAST,East-2
"M Bee Traders. Rajamoidam Road, Jorhat",C101103004916200,N.EAST,East-2
Raj Kamal Marbles,C101103005000068,N.EAST,East-2
Sri Marjit Basumatary,C101103005005973,N.EAST,East-2
Balaji Tiles And Sanitary,C101103005014406,N.EAST,East-2
Steel House,C101103005015734,N.EAST,East-2
Prithvi Dairy Pvt Ltd,C101103005100071,N.EAST,East-2
Beriwal Construction,C101103005106247,N.EAST,East-2
Swagat Marble House,C101103005203766,N.EAST,East-2
Sanwar Mal Khetawat,C101103005300050,N.EAST,East-2
Trade India,C101103005300051,N.EAST,East-2
"Unique Construction,Rangagara Hug",C101103005300052,N.EAST,East-2
Bimal Iron Store,C101103005300053,N.EAST,East-2
Sunil Kumar Khetawat,C101103005300054,N.EAST,East-2
Sri Ramesh Kumar Agarwalla,C101103005300055,N.EAST,East-2
Vishal Infrastructure Ltd.,C101103005309881,N.EAST,East-2
Sona Sales,C101103005400074,N.EAST,East-2
B.I.Sales Corporation,C101103005503767,N.EAST,East-2
Prasad And Company Limited (Blk),C101103005600034,N.EAST,East-2
Prasadá&Ácompany Project Works Ltd.,C101103005605852,N.EAST,East-2
New Store,C101103005700035,N.EAST,East-2
Steel Traders,C101103005700036,N.EAST,East-2
P.G. Sanitation,C101103005700037,N.EAST,East-2
K.B.Enterprise,C101103005700038,N.EAST,East-2
Swadesh Lal Roy,C101103005700039,N.EAST,East-2
Gangwal Engineering Construction Co (P) Ltd.,C101103005700040,N.EAST,East-2
S.P. Traders,C101103005703770,N.EAST,East-2
Tajmahal Marble,C101103005703771,N.EAST,East-2
Sajid Tanvi Enterprise,C101103005705916,N.EAST,East-2
S.K.P.Construction,C101103005706562,N.EAST,East-2
Anil Marble House,C101103005709731,N.EAST,East-2
Ahl Marketing,C101103005709970,N.EAST,East-2
Devi Manasha Steel House,C101103005712224,N.EAST,East-2
Rama Kanta Deb,C101103005712229,N.EAST,East-2
Anup Kumar Deb,C101103005714571,N.EAST,East-2
Ncc Limited,C101103005715019,N.EAST,Enterprise
M R Tiles And Sanitation,C101103005715481,N.EAST,East-2
Brahmaputra Hardware Stores,C101103005800072,N.EAST,East-2
Anima Sanitary And Paints,C101103005800073,N.EAST,East-2
Pyramid Udyog,C101103005813201,N.EAST,East-2
Shri Shyam Traders,C101103005813313,N.EAST,East-2
Aalayam,C101103005815489,N.EAST,East-2
Bijoy Bhandar,C101103005900056,N.EAST,East-2
The Builders,C101103005900057,N.EAST,East-2
Mohan Pasari,C101103005900058,N.EAST,East-2
Mrigen Baruah,C101103005900059,N.EAST,East-2
Hardware House,C101103005903773,N.EAST,East-2
Maa Kamakhya Store- Blk,C101103005903774,N.EAST,East-2
Sri Jainath Singh,C101103005906257,N.EAST,East-2
Shyam Enterprise,C101103005912072,N.EAST,East-2
Kmv Projects Limited,C101103005915420,N.EAST,Enterprise
Mahalaxmi Traders,C101103005916310,N.EAST,East-2
Bharat H/W Co.,C101103006000060,N.EAST,East-2
R.D.Brothers And Co.,C101103006000061,N.EAST,East-2
"Sohanlal Agarwal,",C101103006000062,N.EAST,East-2
Hero Tiles Mfg Co,C101103006000063,N.EAST,East-2
Ganesh H/W And Electrical Stores,C101103006000064,N.EAST,East-2
Natraj Traders,C101103006000065,N.EAST,East-2
Vicky Construction,C101103006005840,N.EAST,East-2
Vinayak,C101103006006282,N.EAST,East-2
Ncc Limited,C101103006014600,N.EAST,Enterprise
Classic Tiles,C101103006015150,N.EAST,East-2
Sanitary Emporium,C101103006015934,N.EAST,East-2
Bishal Traders,C101103006016388,N.EAST,East-2
Chenireema Stones (Blk),C101103028805951,N.EAST,East-2
Renu Enterprise,C101103028812903,N.EAST,East-2
Shree Shree Govinda Hardware,C101103028813348,N.EAST,East-2
Badri Rai Construction Limited,C101103028814248,N.EAST,Enterprise
R.D. Enterprise,C101103028814416,N.EAST,East-2
K.K.Trader,C101103101409337,N.EAST,East-2
Svc Projects Private Limited,C101103101412025,N.EAST,East-2
Bijoy Bhandar,C101103101415739,N.EAST,East-2
Jsb Construction,C101103101416551,N.EAST,East-2
Purbanchal Udyog,C101103101416631,N.EAST,East-2
Subhadra Steel,C101103101416786,N.EAST,East-2
Balaji Hardware,C101103101416800,N.EAST,East-2
Jasvit Constructions Private Limited,C101103104009744,N.EAST,East-2
J.N. Goswami,C101103110410178,N.EAST,East-2
Rupam Chakraborty,C101103110510179,N.EAST,East-2
"Prasad Sanitary, G.T.B.Road,Dhubri",C101103110514391,N.EAST,East-2
S.S. Traders,C101103110514647,N.EAST,East-2
Forzenta Ventures Private Limited,C101103110516734,N.EAST,East-2
Mahesh Kumar Dewan,C101103112910485,N.EAST,East-2
Sanjib Roy,C101103112915480,N.EAST,East-2
Bhanu Marble,C101103116312179,N.EAST,East-2
Sarkar Electronics,C101103118912531,N.EAST,East-2
Assam Tiles And Marble,C101103118916331,N.EAST,East-2
Sarada Projects Limited,C101103118916525,N.EAST,Enterprise
Arihant Agencies,C101103145014105,N.EAST,East-2
R. J. & Sons Marketing Private Limited,C101103149515334,N.EAST,East-2
Vinaayak Automobiles Trade Llp,C101103149515409,N.EAST,Enterprise
Assam Spice & Aroma,C101103149516139,MISC,Misc
Maharaja Tiles & Sanitary,C101103149516784,N.EAST,East-2
Shivaa Enterprises,C101103150914438,N.EAST,East-2
Aic Construction & Consultant Aiccc,C101103153914566,N.EAST,East-2
Akash Interio,C101103153916667,N.EAST,East-2
Garima Marble,C101103166015017,N.EAST,East-2
Saikia Enterprise,C101103168915125,N.EAST,East-2
R.B.R Hardware,C101103172615254,N.EAST,East-2
Kajiram Saloi Hardware,C101103172915803,N.EAST,East-2
Avr Infraspace Private Limited,C101103174415336,N.EAST,East-2
Ncc Limited,C101103174416345,N.EAST,Enterprise
Shapoorji Pallonji And Company Private Limited,C101103174416554,N.EAST,Enterprise
Ganga Trading Co.,C101103174416816,N.EAST,East-2
Seema Tiles,C101103174416870,N.EAST,East-2
Jayashree Hardware,C101103174915359,N.EAST,East-2
Assam Industries,C101103177315433,N.EAST,East-2
Maa Kamakhya Enterprise,C101103183715743,N.EAST,East-2
Leher Enterprise,C101103191816159,N.EAST,East-2
Dariva Tiles And Sanitary,C101103196116587,N.EAST,East-2
Rajasthani Marble (Blk),C101104006100104,PATNA,East-1
Rajasthani Marble And Sanitary,C101104006110412,PATNA,East-1
Aradhya Enterprises,C101104006115440,ROBR,Enterprise
Rajasthan Marble And Granite,C101104006115514,PATNA,East-1
Shiv R.A.M.Tiles Co.,C101104006200098,ROBR,East-1
Raj Kumar Ravi Kumar,C101104006213997,ROBR,East-1
Sagar Traders,C101104006215347,ROBR,East-1
Mak Ceramic,C101104006215741,ROBR,East-1
Hardik Motors Private Limited,C101104006215859,ROBR,Enterprise
R K Tiles,C101104006215889,ROBR,East-1
Bihar Silicate And Engg.Works,C101104006300075,ROBR,East-1
Richa Marbles,C101104006300076,ROBR,East-1
Maa Kali Marbles,C101104006309275,ROBR,East-1
Jiwansaagaar Realty Pvt. Ltd,C101104006310860,ROBR,East-1
Maa Vindwasani Marble And Sanitary House,C101104006315690,ROBR,East-1
Om Sai Traders,C101104006316622,ROBR,East-1
Rajkamal Enterprises,C101104006316633,ROBR,East-1
Maa Enterprises,C101104006316915,ROBR,East-1
Gopi Bath N Room,C101104006400088,PATNA,East-1
Sma Mineral Trading Private Limited,C101104006414630,ROBR,Enterprise
Ganesh Dubey,C101104006416652,PATNA,East-1
Gopi Bath & Rooms,C101104006416999,PATNA,East-1
Kumar Agencies,C101104006500089,PATNA,East-1
Ganesh Marble,C101104006513465,PATNA,East-1
Geetanjali Marble,C101104006514004,PATNA,East-1
Atma Ram Podar,C101104006600099,ROBR,East-1
Avaneesh Enterprises,C101104006606576,PATNA,Enterprise
V.S Associates,C101104006610801,ROBR,East-1
Shyam Baba Tiles,C101104006613902,ROBR,East-1
Shree Ram Enterprises,C101104006615544,ROBR,East-1
Shree Nath Ji Marble And Granites,C101104006615591,ROBR,East-1
Darbhanga Granite,C101104006616347,ROBR,East-1
Anshu Enterprises,C101104006616749,ROBR,East-1
Vijaym Buildpro,C101104006616869,PATNA,East-1
Maa Mangla Marble And Tiles,C101104006700090,PATNA,East-1
Marble Tiles House,C101104006700091,PATNA,East-1
Jai Mangla Marble And Tiles,C101104006700092,PATNA,East-1
Laxmi Marble,C101104006709841,PATNA,East-1
Pongal Tiles And Furniture,C101104006712011,PATNA,East-1
Floor And Walls,C101104006712626,PATNA,East-1
Pongal Enterprises,C101104006712794,PATNA,East-1
Mahaveer Engineering Company,C101104006713797,INDORE,North-2
Kashyapi Infrastructure Private Limited,C101104006714585,ROBR,Enterprise
Pongal Enterprises,C101104006715437,PATNA,East-1
Gaya A.B. Enterprises Private Limited,C101104006715490,ROBR,Enterprise
Shree Ram Enterprises,C101104006715747,PATNA,East-1
Balajee Enterprises,C101104006715866,PATNA,East-1
Neelkanth Tiles & Sanitary,C101104006716425,PATNA,East-1
Sangam Tiles Emporium,C101104006800100,PATNA,East-1
Mangal Marble,C101104006800101,PATNA,East-1
Krishna Tiles,C101104006810150,PATNA,East-1
Singh & Sons Associates,C101104006813891,PATNA,East-1
Radarsh Multiauto Services Private Limited,C101104006815376,PATNA,Enterprise
Jai Guru Deo Sanitary,C101104006900105,PATNA,East-1
Subh Laxmi Traders,C101104006915729,PATNA,East-1
Singhal Agency,C101104007000102,ROBR,East-1
Sehgal Agencies,C101104007000103,ROBR,East-1
Hasina Hardware And Fashion Store,C101104007015731,ROBR,East-1
Seemanchal Tiles,C101104007017022,ROBR,East-1
Jai Mata Di Agency,C101104007100093,ROBR,East-1
Sri Rani Sati Enterprises,C101104007112767,ROBR,East-1
New Aashirvad Agency,C101104007113496,ROBR,East-1
Maa Bhagwati Enterprises,C101104007115396,ROBR,East-1
K.K. Marbles,C101104007200106,ROBR,East-1
Tirupati Traders,C101104007200107,ROBR,East-1
Jagdamba Shree Marbles (Blk),C101104007200108,ROBR,East-1
Maa Bhawani Trading Co (Blk),C101104007209168,ROBR,East-1
Maa Bhawani Trading Co,C101104007210442,ROBR,East-1
Goberdhan Motors Private Limited,C101104007213067,PATNA,Enterprise
Shri Gobind Marbles,C101104007213149,ROBR,East-1
Unique Foods (A Unit Of R K Agri Biz Llp),C101104007213286,ROBR,East-1
Vishal Marble,C101104007214245,ROBR,East-1
Maa Bhawani Tiles Trading Private Limited,C101104007215233,ROBR,East-1
New Laxmi Marble,C101104007215545,PATNA,East-1
Shree Krishna Enterprises,C101104007215880,ROBR,East-1
Radhe Granite,C101104007215901,PATNA,East-1
Shri Govind Marbles,C101104007215997,ROBR,East-1
Deepak Enterprises,C101104007216812,PATNA,Enterprise
K D Construction,C101104007216890,ROBR,East-1
Arsya Agencies,C101104007300094,ROBR,East-1
Arsya Agency,C101104007313125,ROBR,East-1
Sai Marble And Stone,C101104007314298,ROBR,East-1
Marble House,C101104007400077,PATNA,East-1
Sanitary Engineers,C101104007400078,PATNA,East-1
Sidhi Vinayak Enterprises (Blk),C101104007400079,PATNA,East-1
Tiles Centre (Blk),C101104007400080,PATNA,East-1
International Bath Concept,C101104007400081,PATNA,East-1
Aditya Ceramics,C101104007400082,PATNA,East-1
Sagar Ply And Hardware,C101104007400083,PATNA,East-1
Balaji Tirupati Constructions Pvt.Ltd.,C101104007400084,PATNA,East-1
Bhavya Creators Pvt. Ltd.,C101104007400085,PATNA,Enterprise
Kpc Projects Limited,C101104007403775,PATNA,Enterprise
Classica Distributors (Blk),C101104007405782,PATNA,East-1
B.Prasad And Co.,C101104007406105,PATNA,East-1
Kamladityya Construction Private Limited,C101104007406137,PATNA,East-1
Avian Infrastructure,C101104007409548,PATNA,Enterprise
Intergen Energy Limited,C101104007409556,PATNA,Enterprise
Tiles House,C101104007409900,PATNA,East-1
Gannon Dunkerley And Co Ltd,C101104007409980,PATNA,Enterprise
Soham Enterprises,C101104007410294,PATNA,East-1
Ppsl Capacite Jv,C101104007410370,PATNA,Enterprise
Aditya Kumar,C101104007410392,PATNA,East-1
Rama And Sons,C101104007410440,PATNA,East-1
Mittal Construction Unit,C101104007410664,PATNA,Enterprise
Sagar Business Private Limited,C101104007410682,PATNA,East-1
S.T.S Tiles & Marble,C101104007410731,PATNA,East-1
Ncc Limited,C101104007410815,PATNA,Enterprise
Dev Enterprises,C101104007410843,PATNA,East-1
S.T.Constructions Pvt Ltd,C101104007410857,PATNA,Enterprise
Adhunik Buildtech Pvt. Ltd.,C101104007412052,PATNA,Enterprise
Capacit'E Infraprojects Limited,C101104007412056,PATNA,Enterprise
Kumar Buildcon Pvt Ltd,C101104007412324,PATNA,East-1
Nalanda C.P. Ceramics Pvt Ltd,C101104007412516,PATNA,Enterprise
Gulshan Enterprises,C101104007412635,PATNA,East-1
Siemens Construction Corporation,C101104007412847,PATNA,East-1
Poonam Kumari,C101104007412882,PATNA,Enterprise
Ncc Limited,C101104007412883,PATNA,Enterprise
Indraprasthahousing And Enterprises Private Ltd,C101104007412886,PATNA,East-1
Citi Marbles,C101104007412917,PATNA,East-1
S. K. Marble,C101104007413074,PATNA,East-1
Kanchan Kumari,C101104007414192,PATNA,East-1
Mamta C.P.& Granaite,C101104007414441,PATNA,East-1
S K C C Enterprises,C101104007414551,PATNA,East-1
Aadhar Stumbh Township Private Limited,C101104007414776,PATNA,Enterprise
Artisan Realtors Private Limited,C101104007415086,PATNA,East-1
Amit Kishore,C101104007415117,PATNA,East-1
Yojan Enterprises,C101104007415140,PATNA,East-1
Ab Enterprises,C101104007415313,PATNA,Enterprise
Pankaj Marble,C101104007415455,PATNA,East-1
Ahluwalia Contract India Limited,C101104007415469,PATNA,Enterprise
Shoppers Stop Limited,C101104007415589,PATNA,Enterprise
Garg Builders,C101104007415835,PATNA,Enterprise
Misc Party-Bihar,C101104007415943,MISC,Misc
Jagdamba Marble,C101104007416410,PATNA,East-1
Ganpati Tiles & Sanitary,C101104007416418,PATNA,Enterprise
Neuri Traders,C101104007416428,PATNA,East-1
Tiles World,C101104007416478,PATNA,East-1
V V Traders,C101104007416575,PATNA,East-1
Surya Tiles,C101104007416588,PATNA,East-1
Balaji Enterprises,C101104007416604,PATNA,East-1
M.D. Tariq Anwar,C101104007416623,PATNA,Enterprise
Ujjwal Marble Granite Sanitary House,C101104007416684,PATNA,East-1
Bharat Marble,C101104007416779,PATNA,East-1
Mohan Lal Arya And Co.,C101104007500086,PATNA,East-1
Shree Balaji Enterprises,C101104007500087,PATNA,East-1
Seemanchal Motors Pvt. Ltd,C101104007512423,PATNA,Enterprise
Prakash Janki Motors Private Limited,C101104007514230,PATNA,Enterprise
Manvi Enterprises,C101104007515170,ROBR,East-1
Sri Balaji Agency,C101104007515814,ROBR,East-1
Manikant Singh,C101104007515939,PATNA,East-1
Maa Manju Enterprises,C101104007516046,ROBR,East-1
Gupta Traders,C101104007516151,ROBR,East-1
Shree Maruti Nandan Agency,C101104007516847,ROBR,East-1
Sharma Paints Store,C101104007600095,ROBR,East-1
Shiv Parwati Tiles And Sanitory Enterprises,C101104007609151,ROBR,East-1
Suresh Das And Sons,C101104007616641,ROBR,East-1
Baba Marble,C101104007616682,ROBR,East-1
Ruchi Enterprises,C101104007700096,ROBR,East-1
Shri Sai Traders,C101104007710437,ROBR,East-1
Sanitary House,C101104007800097,PATNA,East-1
Shivam Marble And Tiles,C101104007815421,PATNA,East-1
R S Traders,C101104007815556,PATNA,East-1
Sanitary House,C101104007816208,PATNA,East-1
Manoj And Saroj Hardware Store,C101104014305899,PATNA,East-1
Shivam Tiles And Hardware,C101104014314869,PATNA,East-1
Jai Mata Di Marble And Granite House (Blk),C101104049106047,PATNA,East-1
Maa Satbhani Marbel And Tiles,C101104049109253,PATNA,East-1
Manuraj Decor,C101104068316381,JAIPUR,Enterprise
Magadh Tiles House,C101104072606149,PATNA,East-1
Birampur Construction Private Limited,C101104072614719,ROBR,Enterprise
Navya Marble,C101104072615645,PATNA,East-1
Chandra Enterprises,C101104072615912,PATNA,East-1
Sri Balajee Entreprises,C101104102609528,PATNA,Enterprise
Rajasthani Marble,C101104102612502,PATNA,East-1
Sri Hanuman Tiles And Sanitary,C101104103209610,ROBR,East-1
D.K.Enterprises,C101104103212852,ROBR,East-1
Avishika Vision Private Limited,C101104103215290,ROBR,East-1
Vikash Traders,C101104103215473,ROBR,East-1
Shiv Sai Marbals,C101104103509691,PATNA,East-1
Swaraaj Maarble,C101104103510101,PATNA,East-1
Reeshav Automobiles Private Limited,C101104103512388,PATNA,Enterprise
Hitech Competent Builders Pvt Ltd,C101104103514723,VADODARA,West
Govind Enterprises,C101104103516676,PATNA,East-1
Chandra And Rudraksha,C101104105309899,PATNA,East-1
Aashirwad Traders,C101104106509948,PATNA,East-1
Ashish Ranjan,C101104106510652,PATNA,East-1
Pranjal Marble,C101104106513167,PATNA,East-1
Maa Vaishnavi Marbles And Tiles,C101104106514220,PATNA,East-1
Maa Vaishnavi Infrazone,C101104106514242,PATNA,East-1
Sohjana Hardware,C101104106515496,PATNA,East-1
Sohjana Hardware,C101104106515499,PATNA,East-1
R.K Marble,C101104106515898,PATNA,East-1
M - Mart,C101104106516158,PATNA,East-1
Jayanti Agency,C101104107710047,ROBR,East-1
Sharma Enterprises,C101104107713293,ROBR,East-1
Rama Construction Co.,C101104111910337,PATNA,Enterprise
Ramacivil India Construction Pvt. Ltd.,C101104111910467,PATNA,Enterprise
Shivam Marble House,C101104111912939,ROBR,East-1
Ajay Sanitation,C101104111914575,ROBR,East-1
Shree Balajee Enterprises,C101104115112010,ROBR,East-1
Jai Mata Di Enterprises,C101104115312044,PATNA,East-1
Sai Traders,C101104115314269,PATNA,East-1
Raj Enterprises,C101104115314809,PATNA,East-1
Maa Enterprises,C101104115315599,PATNA,East-1
Jai Ambe Enterprises,C101104115316415,PATNA,East-1
Panday Sanitary And Hardware,C101104115316672,PATNA,East-1
Pandey Tiles & Marble,C101104115316719,PATNA,East-1
Dada Enterprises,C101104115316829,PATNA,East-1
Anand Marbal House,C101104115612083,ROBR,East-1
Kashyap Tiles And Sanitariware,C101104118112457,PATNA,East-1
T K Enterprises,C101104118116409,PATNA,East-1
Swati Tiles Marble And Sanitary Store,C101104118116598,PATNA,East-1
Krishna Hardware And Paint Store,C101104118117010,PATNA,East-1
Basudeo Sales,C101104118312520,ROBR,East-1
Abhay Shankar Chaudhary,C101104119012536,PATNA,Enterprise
Shree Vinayak Traders,C101104119015560,ROBR,East-1
Vascon Engineers Limited,C101104119016350,LUCKNOW,Enterprise
Jay Mata Di Agency,C101104119016404,ROBR,East-1
Jmc Projects (India) Ltd.,C101104124212772,PATNA,Enterprise
Kalpataru Power Transmission Limited,C101104124214850,ROBR,Enterprise
Cgg Construction,C101104126412905,ROBR,East-1
Renuka Sales,C101104127813472,ROBR,East-1
Originals,C101104127813954,ROBR,East-1
S S Enterprises,C101104127816614,ROBR,East-1
Ss Tile Studio,C101104128216844,ROBR,East-1
New Bath N Room,C101104128515606,ROBR,East-1
Maira Tiles,C101104128516224,ROBR,East-1
Swaraj Enterprises,C101104131813242,PATNA,East-1
Royal Homes,C101104131814232,PATNA,East-1
Shiv Shakti Marbles Store,C101104131814489,PATNA,East-1
Swaraaj Maarble,C101104131815053,PATNA,East-1
Maa Sherowali Tiles,C101104131815323,PATNA,East-1
Vishnu Constructions & Advisory Services,C101104132713336,PATNA,East-1
Shree Ram Traders,C101104134613458,ROBR,East-1
Hindustan Pipe Store,C101104135013491,PATNA,East-1
Gannon Dunkerley & Co Limited,C101104135413684,PATNA,Enterprise
Jay Maa Vindhyawasini Traders,C101104135414019,PATNA,East-1
Neelkanth Tiles Marble,C101104135415718,ROBR,East-1
Magadh Tiles,C101104137213880,PATNA,East-1
Maa Tara Traders,C101104137215969,PATNA,East-1
Maa Mundeshwari Enterprises,C101104137614270,PATNA,East-1
Baba Gaosgir Construction,C101104137615884,PATNA,East-1
Parash Marble Granite & Tiles,C101104145914168,PATNA,East-1
Rajeev Traders,C101104145914458,PATNA,East-1
Geeta Agency,C101104149114347,PATNA,East-1
New R.K.Tiles And Marbal,C101104149914395,ROBR,East-1
Shree Laxmi Tiles And Marbel,C101104151915291,PATNA,East-1
Ambey Marble,C101104151916753,PATNA,East-1
Aditya Kritika Enterprises,C101104151916949,PATNA,East-1
Shri Ram Sanitary Store,C101104158514759,ROBR,East-1
Garcia Promoters & Developers Private Limited,C101104164214951,DEL NCR,North-1
Om Sai Marble And Tiles House,C101104169015126,PATNA,East-1
Gupta Traders,C101104172315236,PATNA,East-1
Tiles Plaza,C101104174515341,PATNA,East-1
H S Enterprises,C101104176115390,ROBR,East-1
Shiv Marble And Tiles,C101104177015428,ROBR,East-1
Jai Mata Di Enterprises,C101104178915520,PATNA,East-1
Manvi Tiles & Marble,C101104187515965,PATNA,East-1
Subhraj Traders,C101104193016210,ROBR,East-1
Narayan Kumar Infrastructure Private Limited,C101104195816386,KOLKATA,Enterprise
KABBU KHIRHAR,C101104195816387,PATNA,Enterprise
Subh Mozaic'N' Marbles,C101105007903785,RAIPUR,North-2
Shri Shyam Tiles,C101105007913439,RAIPUR,North-2
Vishal Marbles And Tiles,C101105007913480,RAIPUR,North-2
RAVI MARBLE AND TILES,C101105007916532,RAIPUR,North-2
Tiles World (Blk),C101105008000113,RAIPUR,North-2
Jyoti Enterprises,C101105008100110,RAIPUR,North-2
Shree Vijay Enterprises,C101105008100111,RAIPUR,North-2
Satya Sakhi Construction And Builders,C101105008100112,RAIPUR,North-2
Pragati Granites,C101105008100156,RAIPUR,North-2
Somani Ply And Sanitaryware,C101105008100160,RAIPUR,North-2
Shri Vankateshvara Marbles,C101105008103777,RAIPUR,North-2
Marble House (Blk),C101105008103778,RAIPUR,North-2
Golchha Marketing Co.,C101105008103779,RAIPUR,North-2
Khubi Enterprises,C101105008105875,RAIPUR,North-2
Uv Infa,C101105008106189,RAIPUR,North-2
Nirman Infrastructures,C101105008106304,RAIPUR,North-2
Bsbk Private Limited,C101105008110386,RAIPUR,North-2
Arihant Associates,C101105008112195,RAIPUR,North-2
Vedika Tiles,C101105008113469,RAIPUR,North-2
Galaxy Granite,C101105008114393,RAIPUR,North-2
Kailash Enterprises,C101105008114617,RAIPUR,North-2
R K Construction,C101105008115300,RAIPUR,North-2
Ashirwad Stone,C101105008115429,RAIPUR,North-2
Amar Enterprises,C101105008200139,RAIPUR,North-2
Luxmi Marbles And Tiles Co.(Blk),C101105008200140,RAIPUR,North-2
Chaudhary Traders (Blk),C101105008200141,RAIPUR,North-2
Madhav Marble Emporium,C101105008200142,RAIPUR,North-2
Tulsi Construction Co.,C101105008200143,RAIPUR,North-2
Chhabra Marble And Steels,C101105008200144,RAIPUR,North-2
Rsb Projects Ltd,C101105008200145,RAIPUR,North-2
Chhabra Tiles,C101105008203786,RAIPUR,North-2
Friends Construction Company,C101105008209398,RAIPUR,North-2
Maa Bhagwati Construction,C101105008210663,RAIPUR,North-2
Sri Om Construction Pvt Ltd,C101105008210712,RAIPUR,North-2
Satya Automobiles,C101105008212128,RAIPUR,Enterprise
Rohit Granite And Tiles,C101105008213095,RAIPUR,North-2
Gurukripa Enterprises,C101105008213655,RAIPUR,North-2
Shri Sai Tiles And Sanitary,C101105008214475,RAIPUR,North-2
Shri Balaji Constructions,C101105008214576,RAIPUR,North-2
Siddhi Vinayak Buildcon,C101105008214961,RAIPUR,North-2
Satya Auto Private Limited,C101105008215183,RAIPUR,Enterprise
Chawla Tiles,C101105008215232,RAIPUR,North-2
Bahubali Udyog,C101105008215843,RAIPUR,North-2
Shraddha Construction Co,C101105008216033,RAIPUR,North-2
Chandra Tiles,C101105008216703,RAIPUR,North-2
Rounak Steel Traders,C101105008300170,RAIPUR,North-2
Shri Rani Sati Traders,C101105008300171,RAIPUR,North-2
Vimal Hardware,C101105008400174,RAIPUR,North-2
B.S.Construction,C101105008409399,RAIPUR,North-2
Shyam Tiles,C101105008500162,RAIPUR,North-2
Shri Bajrang Traders,C101105008500163,RAIPUR,North-2
Golchha Construction,C101105008506140,RAIPUR,North-2
Vijay Tiles And Sanitary,C101105008515586,RAIPUR,North-2
Anil Trading Co.,C101105008600153,RAIPUR,North-2
Goel Marble,C101105008600154,RAIPUR,North-2
Shakti Buildcon,C101105008600155,RAIPUR,North-2
Krishna Marble And Granite,C101105008600157,RAIPUR,North-2
Bansal Marble,C101105008600158,RAIPUR,North-2
Bapuji Tiles,C101105008600159,RAIPUR,North-2
Shakti Infratech,C101105008600161,RAIPUR,North-2
Goyal Saw Mill,C101105008605705,RAIPUR,North-2
Goel And Sons,C101105008609433,RAIPUR,North-2
Goel Traders,C101105008609647,RAIPUR,North-2
Manish Goel,C101105008609652,RAIPUR,North-2
N.K Construction,C101105008612637,RAIPUR,North-2
Mahaveer Stone House,C101105008613154,RAIPUR,North-2
Ajay Kumar Chouhan,C101105008613159,RAIPUR,North-2
Karan_City Automobiles Private Limited,C101105008614739,RAIPUR,Enterprise
Anil Trading Company,C101105008616892,RAIPUR,North-2
Sher N Shaavak Buildmart,C101105008616908,RAIPUR,North-2
Shriyog Sales,C101105008700146,RAIPUR,North-2
Rathi Bandhus Commercial,C101105008700147,RAIPUR,North-2
Maa Danteshwari Construction,C101105008709946,RAIPUR,North-2
Sharma Stones,C101105008712334,RAIPUR,North-2
Jmc Projects (India) Ltd.,C101105008712805,RAIPUR,Enterprise
Happy Steel Traders,C101105008713916,RAIPUR,North-2
Preet Tiles & Sanitary Ware,C101105008716036,RAIPUR,North-2
Sitesh Constructions,C101105008800169,RAIPUR,North-2
Agrawal Enterprises,C101105008812012,RAIPUR,North-2
Balaji Homes,C101105008815622,RAIPUR,North-2
Durga Contructions,C101105008816710,RAIPUR,North-2
Hm Bharat Contracts And Consultancy Private Ltd,C101105008817019,RAIPUR,North-2
Om Marble And Tiles,C101105008900116,RAIPUR,North-2
Lohiya Marbels And Rajasthan Bhandar,C101105009000166,RAIPUR,North-2
Siddhi Vinayak Construction Company,C101105009014960,RAIPUR,North-2
Sharda Constructions,C101105009015568,RAIPUR,North-2
Utsav Traders,C101105009100115,RAIPUR,North-2
Ajay Enterprises,C101105009200148,RAIPUR,North-2
Naveen Tiles,C101105009200149,RAIPUR,North-2
G.S.Dhanjal And Co.,C101105009200150,RAIPUR,North-2
K.S.Cahatwal And Company,C101105009206102,RAIPUR,North-2
Gannon Dunkerley And Co Ltd,C101105009209988,RAIPUR,Enterprise
Cosmos Infratech,C101105009210158,RAIPUR,North-2
Sitla Automobiles Private Limited,C101105009213499,RAIPUR,Enterprise
Shri Saptdev Automobiles Private Limited,C101105009213686,RAIPUR,Enterprise
Shanker Brothers,C101105009215009,RAIPUR,North-2
Shreeram Vehicles Llp,C101105009215927,BANGALORE,Enterprise
Dee Vee Projects Limited,C101105009216627,DEL NCR,Enterprise
Mohan Poddar,C101105009300173,RAIPUR,North-2
Prince Tiles And Marbles (Blk),C101105009400172,RAIPUR,North-2
Jyoti Sales Corporation,C101105009500164,RAIPUR,North-2
Sawadia Traders,C101105009500165,RAIPUR,North-2
Prasad And Company Project Works Ltd.,C101105009500167,RAIPUR,North-2
Vidhya Cylinders Private Limited,C101105009500168,RAIPUR,North-2
Alankar Sanitation,C101105009600117,RAIPUR,North-2
Ceramic Point(Blk),C101105009600118,RAIPUR,North-2
Shree Jalaram Marketing (Blk),C101105009600119,RAIPUR,North-2
Aditya Enterprises(Blk),C101105009600120,RAIPUR,North-2
Bath Creations,C101105009600121,RAIPUR,North-2
Bagadia Sales (Blk),C101105009600122,RAIPUR,North-2
Pashan Traders And Construction,C101105009600123,RAIPUR,North-2
Kaysons,C101105009600124,RAIPUR,North-2
Unnati Infra Developers Pvt. Ltd.,C101105009600125,RAIPUR,North-2
Shree Hardeo Hardware And Sanitation (Blk),C101105009600126,RAIPUR,North-2
Raghav Ceramics (Blk),C101105009600127,RAIPUR,North-2
Satyam Ceramics,C101105009600128,RAIPUR,North-2
Bastar Granite,C101105009600129,RAIPUR,North-2
Anandghan Construction,C101105009600130,RAIPUR,North-2
Readystate Infraservices Pvt. Ltd.,C101105009600131,RAIPUR,North-2
Shree Jalaram Marketing,C101105009600132,RAIPUR,North-2
Aakriti Associates,C101105009600133,RAIPUR,North-2
Anandghan Buildcon,C101105009600134,RAIPUR,North-2
Venketesh Marble,C101105009600135,RAIPUR,North-2
Tirupati Tiles And Sanitaries,C101105009600136,RAIPUR,North-2
Shree Ji Krupa Projects Ltd.,C101105009600137,RAIPUR,North-2
Rajendra Enterprises,C101105009603780,RAIPUR,North-2
Durga Marketing,C101105009603781,RAIPUR,North-2
Bhairav Marbles,C101105009603782,RAIPUR,North-2
Goyal And Associates,C101105009603783,RAIPUR,North-2
Golden Marble,C101105009603784,RAIPUR,North-2
Aditya Enterprises (Blk),C101105009605783,RAIPUR,North-2
Sewak Ram Balani And Co.,C101105009605956,RAIPUR,North-2
Metro Style,C101105009605996,RAIPUR,North-2
Shreeji Infrastructure India Private Ltd,C101105009606324,RAIPUR,North-2
Chhattisgarh Agencies,C101105009606357,RAIPUR,North-2
Radha Soami Satsang Beas,C101105009606421,RAIPUR,Enterprise
S. N. Infraestate Pvt. Ltd,C101105009606462,RAIPUR,North-2
Vinod Kumar Pandey,C101105009606504,RAIPUR,North-2
Ceramic House,C101105009606505,RAIPUR,North-2
Avinash Developers Pvt. Ltd,C101105009606569,RAIPUR,North-2
Aakar Construction,C101105009606690,RAIPUR,North-2
Varsha Construction,C101105009606717,RAIPUR,North-2
Yash Tiles,C101105009609155,RAIPUR,North-2
Aarti Infrastructure And Buildcon Limited,C101105009609487,RAIPUR,North-2
Somani Packaging Private Limited,C101105009609625,RAIPUR,North-2
Om Builders,C101105009612114,RAIPUR,Enterprise
S.K.Enterprises,C101105009612155,RAIPUR,North-2
Shree Hardeo Industries,C101105009612310,RAIPUR,North-2
Ansh Enterprises,C101105009612516,RAIPUR,North-2
Sparsh Automobiles Private Limited,C101105009612657,RAIPUR,Enterprise
Home Style And Decor Private Limited,C101105009612730,RAIPUR,North-2
Bani Decore N Electronics,C101105009613316,RAIPUR,North-2
Kamal & Associates Private Limited,C101105009613366,RAIPUR,Enterprise
N.V.Marble,C101105009613436,RAIPUR,North-2
Sanjay Distributors,C101105009613911,RAIPUR,North-2
Galaxy Buildcon,C101105009613926,RAIPUR,North-2
Kanika Automobiles Private Limited,C101105009614628,RAIPUR,Enterprise
Vitrag Enterprises,C101105009614878,RAIPUR,Enterprise
Trent Limited,C101105009614972,RAIPUR,Enterprise
Shree Mahadev Granites,C101105009615153,RAIPUR,North-2
Spartek House,C101105009615868,RAIPUR,North-2
Misc Party-Chhattisgarh,C101105009615944,MISC,Misc
Santosh Agrawal,C101105009616069,RAIPUR,North-2
Supertech Solutions,C101105009616107,RAIPUR,North-2
Shri Krishna Enterprises,C101105009616206,RAIPUR,North-2
Designo,C101105009616245,RAIPUR,North-2
Mahashakti Enterprises,C101105009616312,RAIPUR,Enterprise
G.M. Global Packaging,C101105009616419,RAIPUR,Enterprise
B R Construction Company,C101105009616433,RAIPUR,North-2
Shri Ramchandra Projects,C101105009616571,RAIPUR,North-2
Seema Tiles And Granite,C101105009616873,RAIPUR,North-2
Pankaj Tiles (Blk),C101105009700114,RAIPUR,North-2
Pankaj Tiles,C101105009716267,RAIPUR,North-2
Adarsh Granite,C101105009800151,RAIPUR,North-2
Arihant Agencies,C101105009800152,RAIPUR,North-2
Prateek Tiles & Marbles,C101105009810410,RAIPUR,North-2
Mark Infrastructure Private Limited,C101105009810806,RAIPUR,North-2
Sudama Tiles,C101105101809397,RAIPUR,North-2
R K M Powergen Private Limited,C101105114210631,CHENNAI,South-1
Krishna Tiles And Marbles,C101105142213877,RAIPUR,North-2
Dwarika Das Agrawal,C101105142216655,RAIPUR,North-2
Kalash Tiles,C101105150814432,RAIPUR,North-2
Baba Tradeco,C101105154315529,RAIPUR,North-2
Kanika Automobiles Private Limited,C101105155214628,RAIPUR,Enterprise
Bhagyashri Enterprises,C101105164914984,RAIPUR,North-2
Raj Granite,C101105168215369,RAIPUR,North-2
Ashok Kejriwal,C101105194416274,RAIPUR,North-2
Modi Enterprises,C101112027000175,JAMSHEDPUR,East-1
Jai Prakash Dalmia,C101112027000176,JAMSHEDPUR,East-1
Om Tiles Marble Shop,C101112027000177,JAMSHEDPUR,East-1
Jai Maa Marble Tiles,C101112027003788,JAMSHEDPUR,East-1
Meera Tiles World,C101112027012749,JAMSHEDPUR,East-1
Prem Industries,C101112027100205,JAMSHEDPUR,East-1
New Sunaina Marbles,C101112027100206,JAMSHEDPUR,East-1
Sunaina Marbles,C101112027103799,JAMSHEDPUR,East-1
Seema Marble And Tiles,C101112027103800,JAMSHEDPUR,East-1
Kamladityya Construction Private Limited,C101112027106159,JAMSHEDPUR,East-1
Sri Sai Traders,C101112027109812,JAMSHEDPUR,East-1
Abhishek Kumar Nayak,C101112027113152,JAMSHEDPUR,East-1
Alliance Marble & Tiles,C101112027113441,JAMSHEDPUR,East-1
Lalita Enterprises,C101112027115391,JAMSHEDPUR,East-1
Deepak Tiles And Sanitary,C101112027116156,JAMSHEDPUR,East-1
Kgn Sanitory Paint Putty And Electric,C101112027116167,JAMSHEDPUR,East-1
Vinayak Traders,C101112027116938,JAMSHEDPUR,East-1
Sri Ram Marbles,C101112027200212,RANCHI,East-1
Banwari Lal Agarwal,C101112027300179,JAMSHEDPUR,East-1
Tiles Centre,C101112027300180,JAMSHEDPUR,East-1
K.S Marbles,C101112027300181,JAMSHEDPUR,East-1
Marble Palace,C101112027300182,JAMSHEDPUR,East-1
S.G.Marbles And Sanitary Wares (Blk),C101112027300183,JAMSHEDPUR,East-1
Maan Sarovar,C101112027309387,JAMSHEDPUR,East-1
Jk Omaxe Reacon Jv,C101112027310301,JAMSHEDPUR,East-1
Fine Marbles,C101112027312307,JAMSHEDPUR,East-1
Reliable Industries,C101112027312686,RANCHI,Enterprise
Inox Leisure Ltd,C101112027312687,RANCHI,Enterprise
Combined Projects,C101112027313230,JAMSHEDPUR,East-1
Seven Stones Tiles And Marbles,C101112027313440,JAMSHEDPUR,East-1
Gannon Dunkerley & Co Limited,C101112027313734,RANCHI,Enterprise
Shree Gopal Tiles,C101112027313765,JAMSHEDPUR,East-1
Balmiki Tiles Manufacturing Works,C101112027313977,JAMSHEDPUR,East-1
Fine Marble,C101112027314702,JAMSHEDPUR,East-1
Dhanbad Marble Centre,C101112027315162,JAMSHEDPUR,East-1
Shree Nath Marble,C101112027315794,JAMSHEDPUR,East-1
Heliwal Motocorp Llp,C101112027315850,JAMSHEDPUR,Enterprise
Shree Marble Center,C101112027400215,JAMSHEDPUR,East-1
Shiv Traders,C101112027414779,JAMSHEDPUR,East-1
Jai Shree Shyam Traders,C101112027416125,JAMSHEDPUR,East-1
Ajay Hardware Store (Blk),C101112027500207,JAMSHEDPUR,East-1
Shivam Marble.,C101112027500208,JAMSHEDPUR,East-1
Gurunanak Hardware,C101112027503801,JAMSHEDPUR,East-1
Shivam Engineers And Contracts,C101112027512988,RANCHI,Enterprise
Sri Om Traders,C101112027513175,JAMSHEDPUR,East-1
Shivam Marble And Tiles,C101112027514072,JAMSHEDPUR,East-1
Aditya Marble & Tiles,C101112027515109,JAMSHEDPUR,East-1
Jai Mata Di Steel,C101112027515511,JAMSHEDPUR,East-1
Sri Radhe Marble And Furniture,C101112027515713,RANCHI,East-1
Jai Mata Marble,C101112027515754,RANCHI,East-1
Rahul Sanitary,C101112027516523,JAMSHEDPUR,East-1
Birani Infra,C101112027516975,JAMSHEDPUR,East-1
General Hardware Store (Blk),C101112027600213,JAMSHEDPUR,East-1
New Tarzan Marble Traders,C101112027606424,JAMSHEDPUR,East-1
Ananta Enterprises,C101112027614831,JAMSHEDPUR,East-1
Roman Stone,C101112027616689,JAMSHEDPUR,East-1
Bharat Traders (Blk),C101112027700211,RANCHI,East-1
Shree Jee Marbles (Blk),C101112027800209,RANCHI,East-1
Shree Mahaveer Tiles And Sanitary,C101112027800210,RANCHI,East-1
Annapoorna Enterprises,C101112027810480,RANCHI,East-1
Khaitan Automobile,C101112027815255,RANCHI,Enterprise
Deepak Marble,C101112027815565,RANCHI,East-1
New Prasad Traders,C101112027815753,RANCHI,East-1
Kush Motors Private Limited,C101112027815802,RANCHI,Enterprise
Modi Tiles And Sanitary House,C101112027900184,JAMSHEDPUR,East-1
Shyam Tiles,C101112027900185,JAMSHEDPUR,East-1
Balaji Marbles,C101112027900186,JAMSHEDPUR,East-1
Shree Balajee Marbles,C101112027900187,JAMSHEDPUR,East-1
Tiles Wizard,C101112027900188,JAMSHEDPUR,East-1
Udaipur Marbles,C101112027900189,JAMSHEDPUR,East-1
Vinayak Udhyog (Blk),C101112027900190,JAMSHEDPUR,East-1
Sandhya Sanitary,C101112027900191,JAMSHEDPUR,East-1
Jamshedpur Utilities And Services Co.Ltd.,C101112027900192,JAMSHEDPUR,East-1
Buildmat Trades Pvt. Ltd.(Blk),C101112027900193,RANCHI,Enterprise
Tiles World (Blk),C101112027900194,JAMSHEDPUR,East-1
Krishna Marble And Tiles,C101112027900195,JAMSHEDPUR,East-1
Radha Soami Satsang Beas,C101112027900196,RANCHI,Enterprise
Shreenath Marbles And Tiles,C101112027903789,JAMSHEDPUR,East-1
City Marbles,C101112027903790,JAMSHEDPUR,East-1
J.J. Trading Co,C101112027903791,JAMSHEDPUR,East-1
Buildmat Trades Pvt. Ltd. (Blk),C101112027909706,JAMSHEDPUR,East-1
Rajasthan Marbles,C101112027909778,JAMSHEDPUR,East-1
The Tile Shoppe,C101112027910479,JAMSHEDPUR,East-1
Utkal Automobiles Private Limited,C101112027912539,RANCHI,Enterprise
Ashiana Housing Limited,C101112027912865,RANCHI,Enterprise
Sitaram Agarwal & Sons,C101112027913237,JAMSHEDPUR,East-1
Vikash Hardware,C101112027913288,JAMSHEDPUR,East-1
Bholebaba Utilities Limited,C101112027913865,JAMSHEDPUR,East-1
National Tiles,C101112027915145,JAMSHEDPUR,East-1
Shivam Marble,C101112028000214,RANCHI,East-1
Monika Marble And Sanitary,C101112028102455,RANCHI,East-1
Jain Marbles,C101112028200216,JAMSHEDPUR,East-1
Agarwalla Marbles,C101112028200217,JAMSHEDPUR,East-1
Anand Goyel,C101112028216005,JAMSHEDPUR,East-1
Sneha Marbles,C101112028303792,RANCHI,East-1
Maa Ambey Enterprises,C101112028310701,RANCHI,East-1
Shree Jee Marbles,C101112028314785,RANCHI,East-1
Varsha Commercial Co.,C101112028316088,RANCHI,East-1
Prakash Raj Industries,C101112028400198,RANCHI,East-1
Sai Marbles,C101112028400199,RANCHI,East-1
Prakash Marbles,C101112028400200,RANCHI,East-1
Jai Mateshwari Marble,C101112028400201,RANCHI,East-1
Prem Marble And Sanitation,C101112028400202,RANCHI,East-1
Raj Pratisthan,C101112028400203,RANCHI,East-1
Rajbir Construction Pvt Ltd,C101112028400204,RANCHI,East-1
Marble Centre,C101112028403793,JAMSHEDPUR,East-1
Marble Point,C101112028403794,JAMSHEDPUR,East-1
New Sunaina Marble,C101112028403795,JAMSHEDPUR,East-1
Bathroom Sajawat,C101112028403796,RANCHI,East-1
Sunayna Marble,C101112028403797,RANCHI,East-1
Kapoor Marketing Pvt Ltd,C101112028403798,RANCHI,East-1
Prasad Explosives And Chemicals,C101112028406179,RANCHI,East-1
Singhal Enterprises,C101112028406708,RANCHI,East-1
Varindera Constructions Ltd.,C101112028410262,RANCHI,Enterprise
Shubham Marble,C101112028410615,,
